title,job,language
제6회 Kakao Tech Meet에 초대합니다!,ETC,ETC
Golang GC 튜닝 가이드,ETC,GO
Chrome Devtools를 활용하여 나만의 웹뷰 디버깅 환경 만들기 / 제5회 Kakao Tech Meet,ETC,ETC
웹 텍스트 에디터 개발에 필요한 고민과 신규 에디터 소개 / 제5회 Kakao Tech Meet,FE,ETC
[Phocus] 사용자 경험 중심 스벨트 이미지 뷰어 라이브러리 / 제5회 Kakao Tech Meet,FE,ETC
제5회 Kakao Tech Meet에 초대합니다!,ETC,ETC
테크밋 다시 달릴 준비!,ETC,ETC
OROR Forge: Figma to Code 도구 제작기 (2) 실전용으로 만들기,ETC,ETC
OROR Forge: Figma to Code 도구 제작기 (1) 디자인을 코드로 만들어보자!,ETC,ETC
2024 카카오 겨울 인턴십 코딩테스트 문제해설,ETC,ETC
큐라스: 메시지 광고 추천 플랫폼 / 제4회 Kakao Tech Meet,ETC,ETC
JDK 21의 신기능 Virtual Thread 알아보기 / 제4회 Kakao Tech Meet,ETC,ETC
왓챠 추천 서비스 MLOps 적용기 Part2,ETC,ETC
왓챠 추천 서비스 MLOps 적용기 Part1,ETC,ETC
Kubernetes-native 로그 플랫폼,DEVOPS,ETC
TV APP 디자인할 때 고려해야하는 요소들,ETC,ETC
스마트 TV에서 콘텐츠를 새롭게 탐색하는 방법,ETC,ETC
WATCHA CTI’s Case Report: <Join My Table> — 5부 오디오 프로덕션,ETC,ETC
WATCHA CTI’s Case Report: <Join My Table> — 4부 포스트프로덕션,ETC,ETC
WATCHA CTI’s Case Report: <Join My Table> — 3부 프로덕션,ETC,ETC
WATCHA CTI’s Case Report: <Join My Table> — 2부 프리프로덕션,ETC,ETC
WATCHA CTI’s Case Report: <Join My Table> -1부 들어가며,ETC,ETC
함께 구매하면 좋은 상품이에요! - 장바구니 추천 개발기 1부,ETC,ETC
고객에게 뚜렷한 경험을: 컬리의 후기 이미지 처리 기술,ETC,ETC
퀵메뉴로 비즈니스 널리 알리기 (feat. 전지적 디자이너 시점),ETC,ETC
컬리가 상품을 고객에게 빠르게 전달하는 똑똑한 방법,ETC,ETC
후기 서비스 AWS Opensearch 도입기,ETC,ETC
BULK 처리 Write에 집중해서 개선해보기,ETC,ETC
컬리로그팀이 직접 고객을 만나고 리서치를 진행한 이야기: 컬리 푸드 페스타에서,ETC,ETC
서비스 기획자의 뷰티컬리로 확장하기,ETC,ETC
컬리 개발자들의 내돈내산 제품 찐추천 - 사실 컬리 개발자들은 회사에 월급을 반납하고 있습니다.,ETC,ETC
헤이조이스 웨비나를 소개합니다,ETC,ETC
풀필먼트 입고 서비스팀에서 분산락을 사용하는 방법 - Spring Redisson,BE,ETC
뷰티컬리에서 <나의 컬리 스타일>이 갖는 의미,ETC,ETC
뷰티 필터를 개발하며 얻은 새로운 경험,ETC,ETC
"우당탕탕 beauty 풀한, 컬리 앱 서비스 런칭기",ETC,ETC
Dataflow로 컬리의 준실시간 수요 예측모델 파이프라인 구축하기 - 1편,ETC,ETC
지난 9개월간의 딜리버리프로덕트팀의 경험과 변화에 대한 이야기: 애자일,ETC,ETC
6시간 동안 단체로 해외 콘퍼런스 참여하기: 프로덕트콘 같이 보기 이벤트 - ProductCon London 2023,ETC,ETC
TestContainers로 유저시나리오와 비슷한 통합테스트 만들어 보기,ETC,ETC
컬리의 BigQuery 도입기 - 2부,ETC,ETC
컬리 커머스플랫폼의 개발문화를 만들어가는 사람들,ETC,ETC
컬리의 BigQuery 도입기 - 1부,ETC,ETC
AWS MLOps 분산학습 워크숍 방문기,ETC,ETC
데이터사이언스팀이 예측모델을 개발하고 운영하는 방법을 소개합니다.,ETC,ETC
"컬리, IEEM 2022에서 물류센터 생산 계획 최적화 논문을 발표하다",ETC,ETC
데일리 스크럼 : '데일리 스크럼'을 더 잘하기 위한 생각,ETC,ETC
Datadog Dash 2022 컨퍼런스 방문기,ETC,ETC
후기 개선 프로젝트가 끝이 아닌 시작인 이유,ETC,ETC
컬리는 물류 최적화 문제를 어떻게 풀고 있을까? - 2부,ETC,ETC
Kurly만의 MLOps 구축하기 - 쿠브플로우 도입기,ETC,ETC
KURLY 현직자가 직접 뽑은 직무별 핵심 키워드를 소개합니다!,ETC,ETC
Kurly만의 MLOps 구축하기 - 초석 다지기,ETC,ETC
컬리는 물류 최적화 문제를 어떻게 풀고 있을까? - 1부,ETC,ETC
내가 만든 API를 널리 알리기 - Spring REST Docs 가이드편,BE,ETC
Kurly Design Principle,ETC,ETC
우리가 실행해 본 팀원 모두 함께 할 수 있는 팀 빌딩 게임 3가지,ETC,ETC
컬리 공통 암호화 모듈의 동시성 이슈 해결하기,SECURITY,ETC
KURLY HACK FESTA 2022 개최기를 소개합니다.,ETC,ETC
새로운 컬리몰 NX를 소개합니다.,ETC,ETC
컬리 검색이 카프카를 들여다본 이야기 2,ETC,ETC
컬리 검색이 카프카를 들여다본 이야기 1,ETC,ETC
"스크럼, 입고팀이 애자일하게 일하는 법 2부",ETC,ETC
"스크럼, 입고팀이 애자일하게 일하는 법 1부",ETC,ETC
팀을 더욱 유연하게 만들어가는 힘,ETC,ETC
2022년 2월 마켓컬리 개발자 밋업 후기,ETC,ETC
컬리에서 데이터 분석가로 일한다는 것,DATA,ETC
우리는 왜 공통 라이브러리를 만들기 시작했나,ETC,ETC
DevOps팀의 Terraform 모험,DEVOPS,ETC
카트 개발 연대기,ETC,ETC
DDD와 MSA 기반으로 좋은 서비스 개발하기,ETC,ETC
왜 폴 그레이엄은 회사 이름을 Y Combinator라고 지었을까,ETC,ETC
"두근두근 컬리의 면접, 팀에서 성장하기",ETC,ETC
신규 서비스 배포 전에 실험과 개선을 반복한 이야기,DEVOPS,ETC
컬리에서 선물하기를 개발하며 회고,ETC,ETC
React 이해하기,FE,ETC
JPA 덕분에 DB에서 삽질한 이야기,ETC,ETC
Lambda Calculus에 대해 알아보자,ETC,ETC
코드 악취를 맡는 후각 훈련의 시간,ETC,ETC
"Database Driven Development에서 진짜 DDD로의 선회, 이벤트 스토밍 -2-",ETC,ETC
PHP Development Roadmap In 2020 At Kurly,ETC,PHP
마켓컬리에서의 PHP 이야기,ETC,PHP
신규입사자가 바로보는 마켓컬리,ETC,ETC
AWS Sagemaker Ground Truth로 훈련용 이미지를 편하게 분류하자,ETC,ETC
Slack Block Kit 활용,ETC,ETC
Kurly에서 주문을 모니터링 하는 법,ETC,ETC
개발자들이 꺼려하는 까칠한 규식이 형,ETC,ETC
새로 입사한 개발자가 프로젝트에 기여하는 방법 한 가지,ETC,ETC
DevOps 엔지니어의 Redis Test 분투기 - Part 1,DEVOPS,ETC
Database Driven Development에서 진짜 DDD로의 선회 -1-,ETC,ETC
잘못 작성된 람다 코드를 삭제하기까지의 여정,ETC,ETC
BDD로 테스트에 중독되어 보자,ETC,ETC
들어는 보았나 몹 프로그래밍!,ETC,ETC
기술 블로그를 다시 디자인하며,ETC,ETC
쿠폰과 할인으로 앞다리살 하나 더 판매한 이야기,ETC,ETC
마켓컬리 서비스 구조를 소개 합니다,ETC,ETC
Welcome to 마켓컬리!,ETC,ETC
운송 관리 시스템(TMS)의 탄생부터 현장에서 사용하기까지,ETC,ETC
코드와 함께 살펴보는 프론트엔드 단위 테스트 – Part 1. 이론 편,ETC,ETC
[여의도 43층 사람들] Data Scientist & Analyst 에게 무엇이든 물어보세요!,DATA,ETC
웹 애플리케이션 페이지를 패키지로 개발해 본 경험 공유,FE,ETC
[모집 마감] 우아한스터디 2024 여름시즌,ETC,ETC
우아한스터디 2023 여름시즌 후기: 쏙쏙 들어오는 함수형 코딩,ETC,ETC
배민선물하기 AI 메시지 제작기: 생성 AI가 센스 있는 선물 메시지를 대신 쓰기까지,AI,ETC
JPA에서 아이디를 자동증가 값으로 사용 시 하이버네이트의 @NaturalId 사용해 보기,ETC,ETC
"우리 팀을 위한 ESLint, Prettier 공유 컨피그 만들어보기",ETC,ETC
우아한형제들 디자인 시스템에 시각적 회귀 테스트 적용하기,ETC,ETC
뱅크샐러드 iOS팀이 숨쉬듯이 테스트코드 짜는 방식 3편 - 스펙별 단위 테스트,ETC,ETC
"[다시 보기] 4월 우아한테크세미나: Java의 미래, Virtual Thread",ETC,ETC
안전제일! 뱅크샐러드가 모바일 앱을 안정적으로 배포하는 방법,ETC,ETC
모듈 구조를 개선해 더 나은 뱅크샐러드 iOS 앱 개발하기,ETC,ETC
Web을 위한 gRPC Stub과 Runtime 생성하기 - Feat. Buf & kubernetes,DEVOPS,ETC
뱅크샐러드 Go 코딩 컨벤션,ETC,GO
사용법과 함께 작성해본 좌충우돌 AWS DMS 사용기 - feat. RDS 통합 이야기,ETC,ETC
"점점 커지는 RDB Table, S3로 귀양 보내고 Athena로 불러오기 - feat. Optimization with Spark Bucketing",DATA,ETC
분석 데이터를 프로덕션에서 쉽게 사용할 수 없을까?,DATA,ETC
"데이터 분석가가 직접 정의, 배포, 관리하는 뱅크샐러드 데이터 파이프라인",DEVOPS,ETC
3년마다 제공되는 뱅크샐러드의 안식휴가. 2주 이상은 푹-쉬고 돌아오세요!,ETC,ETC
"""검색엔진 가이드""를 금융쇼핑 서비스에 SEO로 활용하기",ETC,ETC
Spark on Kubernetes로 가자!,DATA,ETC
지연 시간 없이 웹폰트 서빙하기 - Feat. Safari & Edge functions,ETC,ETC
뱅크샐러드 사내 해커톤을 소개합니다!,ETC,ETC
뱅크샐러드 Web chapter에서 GitHub Action 기반의 CI 속도를 개선한 방법,ETC,ETC
제1회 뱅크샐러드 디자인 드레싱을 소개합니다,ETC,ETC
[여의도 43층 사람들] Data Engineer 에게 무엇이든 물어보세요!,DATA,ETC
뱅크샐러드 오피스 투어 [업무공간 편],ETC,ETC
[여의도 43층 사람들] VP of Engineering에게 무엇이든 물어보세요!,ETC,ETC
[여의도 43층 사람들] CTO에게 무엇이든 물어보세요!,ETC,ETC
[여의도 43층 사람들] DevOps팀에게 무엇이든 물어보세요!,ETC,ETC
뱅크샐러드 iOS팀이 숨쉬듯이 테스트코드 짜는 방식 2편 - 화면 단위 통합 테스트,ETC,ETC
뱅크샐러드 iOS팀이 숨쉬듯이 테스트코드 짜는 방식 1편 - 통합 UI테스트,ETC,ETC
뱅크샐러드 안드로이드 앱에서 Koin 걷어내고 Hilt로 마이그레이션하기,ETC,ETC
[여의도 43층 사람들] Android 팀에게 무엇이든 물어보세요!,ETC,ETC
[여의도 43층 사람들] iOS팀에게 무엇이든 물어보세요!,ETC,ETC
뱅크샐러드 채용 여정 함께하기,ETC,ETC
주니어 엔지니어의 눈으로 본 AWS re:Invent,ETC,ETC
마이데이터 프로젝트에서 배운 것들,ETC,ETC
분기마다 돌아오는 뱅크샐러드 Pit Stop을 소개합니다.,ETC,ETC
주니어 개발자의 뱅샐 성장기!,ETC,ETC
[여의도 43층 사람들] Web팀에게 무엇이든 물어보세요!,ETC,ETC
일하는 것만큼 쉬는 것도 중요합니다.,ETC,ETC
[여의도 43층 사람들] BX팀에게 무엇이든 물어보세요!,ETC,ETC
팀과 함께 성장하는 Engineering Manager의 역할,ETC,ETC
뱅크샐러드 Data Discovery Platform의 시작,DATA,ETC
마이데이터 맵과 비즈니스 확장성,ETC,ETC
구성원이 재충전의 시간을 갖는 다양한 방법,ETC,ETC
"Tech All Hands, 뱅크샐러드 개발 아고라",ETC,ETC
"뱅크샐러드 채용, 무엇이든 물어보세요",ETC,ETC
두려움 없이 성장하는 뱅크샐러드,ETC,ETC
뱅크샐러드의 실험플랫폼 분석 인프라 살펴보기,DATA,ETC
Banksalad Product Language는 어떻게 디자인되었나요?,ETC,ETC
코드 리뷰 in 뱅크샐러드 개발 문화,ETC,ETC
"뱅크샐러드의 특별한 스펙, '테크 스펙'",ETC,ETC
진정한 실험 조직의 탄생,ETC,ETC
뱅크샐러드는 어떻게 레거시 서비스를 박살 내는가,ETC,ETC
Banksalad Product Language를 소개합니다,ETC,ETC
뱅크샐러드 데이터 조직과 플래닝샵 떠나기,DATA,ETC
"React밖에 모르는 당신에게. GatsbyJS한 잔, '채용~'",ETC,ETC
집에서 일했을 뿐인데 생산성이 폭발했다,ETC,ETC
"매출 손실을 줄여주는 외부링크 관제 Bot, 'URL Checker' 개발기",ETC,ETC
하루에 1000번 배포하는 조직 되기,ETC,ETC
프로덕션 환경에서 사용하는 golang과 gRPC,ETC,ETC
폐쇄망 환경의 배포 시스템 개발기,DEVOPS,ETC
"테스트 코드, 안드로이드에서는 어떻게 작성해야 할까?",ETC,ETC
AWS re:Invent 2019 견문록,ETC,ETC
PyCon KR 2019 뱅크샐러드 돌아보기,ETC,ETC
뱅크샐러드 at Apple Store,ETC,ETC
Typescript로 Local Storage 안전하게 사용하기,ETC,ETC
보이스피싱 애플리케이션 분석 1부,DATA,ETC
NHN Cloud Pipeline을 이용한 CD 파이프라인 구성하기!,ETC,ETC
Redis Cluster를 사용할 때 Spring Boot와 Lettuce client를 설정해 드립니다,BE,ETC
디스어셈블 프레임워크 Capstone-engine 활용하기,ETC,ETC
메시징플랫폼개발팀의 브랜칭 전략은? Release Flow!,ETC,ETC
Firmware Command Injection을 알아보자!,ETC,ETC
이상 탐지 4부-딥 러닝으로 이상 탐지하기,ETC,ETC
Java Reactor onErrorContinue 이모저모,ETC,JAVA
NHN Private Deck 서비스 소개,ETC,ETC
<NHN Cloud 보안 백서>를 소개합니다,SECURITY,ETC
아자르에서 AI 기반 추천 모델의 타겟 지표를 설정하는 방법 (feat. 아하 모멘트),AI,ETC
Azar iOS Team이 잊힌 코드를 추모 하는 법,ETC,ETC
ksqlDB를 이용하여 실시간 ML 피쳐 데이터를 계산하기,ETC,ETC
Jackson과 Scala 기반 Flink를 사용한 코드 리팩토링 과정에서 발생한 Serialization 관련 이슈 해결하기,ETC,ETC
1년 동안 Workload의 절반을 ARM64로 Migration하기,ETC,ETC
[Hyper and Now] 하이퍼커넥트® 렐 문화 탐구,ETC,ETC
고성능 ML 백엔드를 위한 10가지 Python 성능 최적화 팁,ETC,PYTHON
Kubernetes 환경에서 Segmentation Fault 트러블슈팅하기 (Feat. Fluent Bit Contribution),DEVOPS,ETC
ksqlDB Deep Dive,ETC,ETC
Junior 개발자의 글로벌 서비스 경험기 2탄,ETC,ETC
요기요 채널링 서비스 런칭 회고,ETC,ETC
AWS Re:invent 2023 참관기와 연사자 후기! (2),ETC,ETC
AWS Re:invent 2023 참관기와 연사자 후기! (1),ETC,ETC
별이 빛나는 밤에,ETC,ETC
데이터가 없을 때 200인가 404인가?,ETC,ETC
Google Cloud Next’23 참관기,ETC,ETC
Confluent Schema Registry 도입기!,ETC,ETC
DASH 2023 다녀왔습니다.,ETC,ETC
광고 시스템 퍼포먼스 튜닝 회고록,ETC,ETC
"워크숍 맛집, 요기요",ETC,ETC
인공지능 음성 생성 연구 - 음성 분류 솔루션,AI,ETC
생성 모델의 새로운 흐름 확산 모델(Diffusion model)에 관하여,ETC,ETC
2021 인공지능 경진대회 참가기,AI,ETC
딥러닝 ‘생성모델’과 ‘잠재 벡터’에 관하여,AI,ETC
AI 기반 뉴스 3줄 요약 서비스 개발기,AI,ETC
bayesian optimization in trading,ETC,ETC
AI를 활용한 고용률 예측 모델 개발기(2),ETC,ETC
AI를 활용한 고용률 예측 모델 개발기(1),ETC,ETC
‘가짜뉴스를 찾아라!’ 가짜뉴스 판별 특허 알아보기,ETC,ETC
2020 인공지능 그랜드 챌린지 참가기,AI,ETC
인공지능(AI) 아나운서 개발기,AI,ETC
Semi-supervised learning 방법론 소개,ETC,ETC
"AI PLUS 2020 컨퍼런스, 그 현장속으로!",AI,ETC
포털 적용 사례로 알아본 NER 개념과 활용법,ETC,ETC
디지털 뉴딜 총 100억 규모 AI 사업 수주,AI,ETC
AI 컨퍼런스 ‘AI PLUS 2020’ 사전등록 시작,AI,ETC
ICML 2020 논문 소개 - 딥러닝 이론 연구,AI,ETC
스포카에서 Kotlin으로 JPA Entity를 정의하는 방법,ETC,ETC
우당탕탕 주문서 개발기,ETC,ETC
2020 인공지능 온라인 경진대회 참가기,AI,ETC
서버 작업으로 인한 사이트 접속 불가 안내,BE,ETC
문서 이해 인공지능(AI) 연구 동향,AI,ETC
안드로이드 : 이웃 Fragment 간 애니메이션 구현,ETC,ETC
Discover new characters to license through mojitok,ETC,ETC
MWC — Los Angeles vs. Barcelona,ETC,ETC
Top Stickers of 2021,ETC,ETC
ZOOKiZ Stickers Go Global on WhatsApp,ETC,GO
"Fun, family-friendly stickers on Kinzoo",ETC,ETC
Brand Stickers | Next Gen’s Ad,ETC,ETC
Galaxy Store Sticker Upload Guide,ETC,ETC
mojitok employees’ favorite stickers!,ETC,ETC
mojitok’s top selling international packs on the Galaxy store!,ETC,ETC
Querydsl에서 Kotlin JDSL 으로,ETC,KOTLIN
발전하는 iOS와 Clean Swift Architecture,ETC,ETC
키친보드 안드로이드 앱 Jetpack Compose 도입기,ETC,ETC
기능 테스트 전환 이야기,ETC,ETC
이벤트 로그 체계 구축 여정,ETC,ETC
청구/수납 서비스 개발기,ETC,ETC
1년차 개발자의 훈수 두기,ETC,ETC
스포카에서 Jira를 활용하여 프로젝트를 수행하는 방법,ETC,ETC
테스트 자동화 구축 이야기,ETC,ETC
도도카트 안드로이드 앱 개선 여정,ETC,ETC
서버 언어 전환 이야기,BE,ETC
도메인 주도 개발 전환 이야기,ETC,ETC
스포카의 신사업은 어떻게 시장을 바꿔가고 있는가! (feat. 디커플링),ETC,ETC
"Flask, marshmallow, apispec으로 API 문서화 자동화하기",BE,ETC
제3회 스포카콘 후기 및 발표 자료 공유,ETC,ETC
제3회 스포카콘을 개최합니다.,ETC,ETC
안드로이드 앱에 Koin으로 DI 적용하기,ETC,ETC
'글'이 디자인이 될 때,ETC,ETC
Airflow Task failed Alert Mail 폭탄 회피하기,ETC,ETC
Airflow 환경 Docker compose로 containerization하기,DEVOPS,ETC
"업데이트 압축률 67%, 플레이스 리뷰 tagging 시스템 개선경험",ETC,ETC
Introduction to NAVER Place AI Development Team,AI,ETC
ML gpu model server 성능을 유지하며 cpu server로 전환한 경험 공유,ETC,ETC
GitHub Actions를 활용한 개발 효율화,ETC,ETC
MinIO 도입기— HA 이해 및 DR 전략 구성,ETC,ETC
DataHub Opensource에 Protobuf Multi-level nested message support 기능 PR 작성 후기,ETC,ETC
NAVER GLACE AI 개발팀은 어떤 일을 해?,AI,ETC
효율적인 하둡 플랫폼 운영을 위한 “Hive 사용량 통계 레포트” 개발기,ETC,ETC
Req-Saver로 캐시의 골칫거리 'Thundering Herd 문제' 쉽게 풀기!,ETC,ETC
Biome: 차세대 JS Linter와 Formatter,ETC,ETC
"LINE 개발자를 위한 오프라인 밋업, Push&Pull",ETC,ETC
HeadVer - 기민한 프로덕트 팀을 위한 새로운 버저닝 시스템,ETC,ETC
질문에 대처하는 어느 플랫폼 개발자의 이야기,ETC,ETC
오픈소스 ABC User Feedback에 적용한 모노리포 구조 소개,ETC,ETC
읽기 전용 설정으로 MySQL 이전하기,ETC,ETC
"문서 작성 및 관리 노하우를 알리는 행사, Technical Documentation Day 참석 후기",ETC,ETC
쿠버네티스 네이티브 워크플로를 이용한 대용량 스트리밍 파이프라인 검증 자동화 - 3편,ETC,ETC
모두가 행복해지는 API 문서 통합과 자동화,BE,ETC
개발자가 손수 대규모 Cassandra를 신규 클러스터로 이전하기,ETC,ETC
쿠버네티스 네이티브 워크플로를 이용한 대용량 스트리밍 파이프라인 검증 자동화 - 2편,ETC,ETC
"플랫폼 팀의 1년, 일본 최대 규모의 배달 서비스에 안착하기까지 ",ETC,ETC
"LINE SHOPPING JP, 글로벌 협업 프로세스 개선 회고",ETC,ETC
실시간 추천 서비스를 위해 메시지 큐잉 도입하기(with Redis Streams),ETC,ETC
우선순위에 시달리다 공식을 만들었다,ETC,ETC
쿠버네티스 네이티브 워크플로를 이용한 대용량 스트리밍 파이프라인 검증 자동화 - 1편,ETC,ETC
리액트 19 신규 기능 및 개선 사항,ETC,ETC
"보이지 않는 로직, 읽을 수 있는 문서로 만들기!",ETC,ETC
HBase 오픈소스 전환을 위한 HBH(HitBase Handler) 개발기,ETC,ETC
물 흐르듯 자연스러운 화면 전환을 향한 여정,ETC,ETC
이커머스 플랫폼의 주문 DB 마이그레이션 경험기,ETC,ETC
대규모 Redis를 운영하며 살아남기,ETC,ETC
LY Tech Blog에서 FY23 회고를 진행합니다,ETC,ETC
린트 적용으로 코드 대량 변경 시 AST를 이용해 검증하기,ETC,ETC
가상 머신의 성능을 높이는 것도 지구 온난화에 도움이 될까요?,ETC,ETC
5년간 첫 삽만 5번 뜬 오픈소스 ABC User Feedback 궤도에 오르기까지,ETC,ETC
메모리 모델 입문 - Sequential Consistency와 Total Store Order 이해하기,ETC,ETC
"Flutter 전환의 마침표 - 일본 1위 배달 앱, 세 번째 Recode",ETC,ETC
Jira의 이슈 정렬 방식이 Integer 방식이 아니라고?!,ETC,ETC
기술 문서 사이트로 Docusaurus 활용하기,ETC,ETC
"사용자의 피드백을 잘 관리하고 활용하기 위한 서비스, ABC User Feedback",ETC,ETC
LINE Android 앱에 폰트 커스터마이징 기능 적용하기,ETC,ETC
오프라인과 온라인 A/B 테스트를 통해 오픈챗 추천 모델 개선하기,ETC,ETC
SHAP,ETC,ETC
"너, 블로그 저자가 돼라! 블로그 스터디 운영 후기",DEVOPS,ETC
실전! Spring Boot 3 마이그레이션,BE,ETC
프런트엔드 영역에서 FileReader를 이용해 MP4 파일 내 오디오 존재 여부 확인하기,ETC,ETC
ChatOps를 통한 업무 자동화(feat. Slack Hubot),ETC,ETC
오픈소스답게 소프트웨어 설계하기,ETC,ETC
Vector를 활용해 멀티 CDN 로그 및 트래픽 관리하기,ETC,ETC
Jetpack Compose로 LINE 앱 Yahoo!검색 모듈 개발하기,ETC,ETC
Ansible과 Rundeck을 활용한 서버 작업 자동화 및 권한 제어,BE,ETC
LINE 앱에서 음성 품질을 측정하는 방법,ETC,ETC
LINE과 Yahoo! JAPAN이 만나 함께 새로운 기술 블로그를 시작했습니다!,ETC,ETC
"리디, 日 메챠코믹 내 리디 전용 브랜드관 오픈",ETC,ETC
[웹툰파헤치기] 계약남매간 로맨스?… 리디 ‘상류사회’,ETC,ETC
"리디, 웹툰 ‘품격을 배반한다’… 일본 거래액 10억원 돌파",ETC,ETC
"리디, 인기 만화 ‘하이큐!!’ 극장판 개봉 기념 이벤트 실시",ETC,ETC
"리디, 간편결제 서비스 ‘리디페이’ 도입",ETC,ETC
테스트 코드를 왜 그리고 어떻게 작성해야 할까?,ETC,ETC
"리디, 5월 가정의 달 맞이 풍성한 이벤트 실시",ETC,ETC
"리디, 글로벌 인기 웹툰… 日 골든위크 접수한다",ETC,ETC
[웹툰파헤치기]문제아 여친 어때요?…리디 ‘선배는 우울해’,ETC,ETC
"리디, 인기 웹소설 ‘상류 사회’ 웹툰으로 독점 공개!",ETC,ETC
Tech Radio :  '치지직' 이제 본겜 시작!,ETC,ETC
UX 원칙에 따른 NELO 4.0 개발기,FE,ETC
네이버 통합 검색의 웹 성능 - 모니터링과 성능 개선,FE,ETC
숏클립 생성을 위한 하이라이트 검출 기술 개발기,ETC,ETC
네이버 통합 검색의 웹 성능 - 데이터 수집과 시각화,FE,ETC
Tech Radio : FE 개발자와 디자이너의 협업,ETC,ETC
"Golang, 그대들은 어떻게 할 것인가 - 4. error 핸들링",ETC,GO
"Golang, 그대들은 어떻게 할 것인가 - 3. error 래핑",ETC,GO
"Golang, 그대들은 어떻게 할 것인가 - 2. MongoDB Go Driver 추상화",ETC,GO
"Golang, 그대들은 어떻게 할 것인가 - 1. 들어가며",ETC,GO
"[인터뷰] 네이버의 보안관 - Security 윤상진, 김도경 님",SECURITY,ETC
"일 3,000만 건의 네이버페이 주문 메시지를 처리하는 Kafka 시스템의 무중단 전환 사례",ETC,ETC
Virtual Thread의 기본 개념 이해하기,ETC,ETC
[특집] 팀 네이버의 기술 축제 N INNOVATION AWARD 2023!,ETC,ETC
Tech Radio : 글로벌 1위 모바일 앱 PRISM Live Studio,ETC,ETC
네이버 검색 SRE의 시계열 데이터베이스 운영기 - VictoriaMetrics로 수천만 개의 시계열 데이터 다루기,DATA,ETC
Tech Radio : 호텔 추천 서비스(FOR YOU) 편,ETC,ETC
[인터뷰] 네이버의 소방관 - Search SRE 강지훈 님,ETC,ETC
프로파일링 적용기 - 당신의 Go 애플리케이션은 좀 더 나아질 수 있다,ETC,GO
FE News 1월 소식,ETC,ETC
 [K8S 보안] DevSecOps ,SECURITY,ETC
 GPT-4o vs Gemini의 멀티모달 LLM 글쓰기 능력 비교 ,LLM,ETC
" AI foundation 모델의 근간이 되었던 대조학습, 그 시작에는 metric learning이 있었다 ",AI,ETC
 Java 를 아시면 Kotlin 을 배워 보세요 ,ETC,KOTLIN
 [Pandas] Series의 구조에 대해서 알아보자1 ,ETC,ETC
[5월 3주차 위클리 업데이트] 이번 주 발표된 Google for Developers 최신 소식을 확인하세요!,ETC,ETC
[GDSC Lead Alumni Interview] Google Developer Group 운영진 경험을 바탕으로 더 건강한 개발자 커뮤니티 Google Developer Student Club을 만들기 위한 고민,ETC,ETC
[5월 2주차 위클리 업데이트] 이번 주 발표된 Google for Developers 최신 소식을 확인하세요!,ETC,ETC
[GDSC Lead Alumni Interview] Google Developer Student Clubs Job Fair 를 통한 이직 성공,ETC,ETC
[5월 1주차 위클리 업데이트] 이번 주 발표된 Google for Developers 최신 소식을 확인하세요! (Google I/O 프로그램 라인업 공개),ETC,ETC
2024-25 Google Developer Student Clubs의 Lead로 지원해보세요!,ETC,ETC
머신러닝 개발자 양성 프로그램 - 2024년 5기 머신러닝 부트캠프를 시작합니다,AI,ETC
[4월 4주차 위클리 업데이트] 이번 주 발표된 Google for Developers 최신 소식을 확인하세요! (Google I/O 웹사이트 업데이트),ETC,ETC
"[GDSC Lead Alumni Interview] 구글 학생 개발자 클럽, Google Developer Student Clubs 부터 구글 인턴십, 그리고 구글 입사까지",ETC,ETC
[4월 3주차 위클리 업데이트] 이번 주 발표된 Google for Developers 최신 소식을 확인하세요! (Google Cloud Next '24),ETC,ETC
[4월 2주차 위클리 업데이트] 이번 주 발표된 Google for Developers 최신 소식을 확인하세요! (Cloud Next 2024),ETC,ETC
개발자와 함께 제미나이 AI 여정을 만들어 가는 ‘빌드 위드 AI’를 소개합니다!,AI,ETC
[4월 1주차 위클리 업데이트] 이번 주 발표된 Google for Developers 최신 소식을 확인하세요! (Build with AI 이벤트),AI,ETC
구글 포 스타트업 액셀러레이터에서 AI 혁신을 주도할 7개의 스타트업을 소개합니다,AI,ETC
"학생 여러분, Google Developer Student Clubs 리더가 되는 방법을 배워보세요!",ETC,ETC
"Amazon Bedrock을 이용해 RAG, Fine tuning 없이 자동 고객 응대 서비스 구축하기",ETC,ETC
"AWS 고성능 컴퓨팅 네크워크, 1부: AWS가 제공하는 고속 네트워크 인터페이스, EFA(Elastic Fabric Adaptor)",ETC,ETC
이런 것도 컴포넌트로 만들어도 될까?,ETC,ETC
Amazon Managed Grafana에서 Keycloak SAML 기반 IdP로 사용자 인증하기,ETC,ETC
Amazon OpenSearch Service Integration 기능을 활용한 손쉬운 임베딩 파이프라인 구성,ETC,ETC
Amazon RDS Custom에서 D’Amo를 이용한 안전한 데이터 암호화 구현하기,SECURITY,ETC
인터넷에 노출된 자격증명 탐지하기,ETC,ETC
채널코퍼레이션의 Amazon DynamoDB와 함께한 아키텍처 현대화 여정 – 1부,ETC,ETC
동작 방식과 함께 알아보는 최적의 Amazon OpenSearch Service 사이징,ETC,ETC
애플리케이션 로드 밸런서를 위한 mTLS 소개,ETC,ETC
Amazon Redshift: 벤치마크 기반의 가격대비 성능 비교,ETC,ETC
딥러닝 추천 모델에 인과추론 접목시켜 전환율 예측 성능을 향상시키자!,AI,ETC
머신러닝으로 만드는 개인화 추천 시스템,ETC,ETC
Bayes Theorem,ETC,ETC
"자, 이제부터 이 글을 보는 순간 Git이 쉬워집니다? - 원리로 알아보는 Git의 기초",ETC,ETC
더 나은 객체지향 개발을 위한 아이디어: 관심사의 분리부터 제어의 역전까지,ETC,ETC
지금 우리 코드는,ETC,ETC
Proof of the Chi Squared Test,ETC,ETC
"Transpiler, “사용”말고 “활용”하기",ETC,ETC
"패키지 매니저의 과거, 토스의 선택, 그리고 미래",ETC,ETC
서버 증설 없이 처리하는 대규모 트래픽,BE,ETC
제품이 커지면 디자인 시스템 가이드는 어떻게 개선돼야 할까?,ETC,ETC
토스가 꿈꾸는 React Native 기술의 미래,FE,ETC
"더 자유롭고, 빠르고, 정확하게: 토스페이먼츠 API 문서 엔지니어링",BE,ETC
토스 UX 리서처는 어떤 방법론을 사용할까?,FE,ETC
프론트엔드 배포 시스템의 진화 (1) - 결제 SDK에 카나리 배포 적용하기,DEVOPS,ETC
토스 디자이너가 제품에만 집중할 수 있는 방법,ETC,ETC
모티베이션을 디자인하기,ETC,ETC
달리는 기차의 바퀴 교체하기 2. Restructuring,ETC,ETC
"OpenZFS로 성능과 비용, 두 마리 토끼 잡기",ETC,ETC
캐시 문제 해결 가이드 - DB 과부하 방지 실전 팁,ETC,ETC
UX 리서처로의 시작과 성장: UX 리서치 파트너 이야기,FE,ETC
GitHub Actions로 개선하는 코드 리뷰 문화,ETC,ETC
"UX 리서처, 신입은 어디에서 경력을 쌓나요?",FE,ETC
그 많은 개발 문서는 누가 다 만들었을까 (2) 개발자의 학습을 돕는 모든 것,ETC,ETC
그 많은 개발 문서는 누가 다 만들었을까 (1) 토스페이먼츠 테크니컬 라이터가 하는 일,ETC,ETC
"Spring JDBC 성능 문제, 네트워크 분석으로 파악하기",BE,ETC
달리는 기차의 바퀴 교체하기 1. Planning,ETC,ETC
"브라우저용 번들링 플러그인, 직접 만들었어요",ETC,ETC
송금할 때 은행 이름을 꼭 입력해야 할까요?,ETC,ETC
"토스의 AI 그래픽 생성기, 토스트를 소개합니다 #2",AI,ETC
"토스의 AI 그래픽 생성기, 토스트를 소개합니다 #1",AI,ETC
프론트엔드 로깅 신경 안 쓰기,ETC,ETC
Reactor Netty Memory Leak 이슈 탐방기,ETC,ETC
토스에서 하루 만에 제품 출시하는 법,ETC,ETC
인자가 많은 메서드는 왜 나쁠까?,ETC,ETC
독이 되는 레퍼런스 활용법,ETC,ETC
MongoDB Atlas Search 정렬이슈 해결기,ETC,ETC
"효율적인 유저 리서치 환경을 만드는 리서치 플랫폼 팀, 들어보셨나요?",ETC,ETC
Feign 코드 분석과 서버 성능 개선,BE,ETC
null 리턴은 왜 나쁠까?,ETC,ETC
웹에서 복잡한 퍼널 쉽게 관리하기,ETC,ETC
유연하고 안전하게 배포 Pipeline 운영하기,DEVOPS,ETC
토스는 Gateway 이렇게 씁니다,ETC,ETC
대규모 로그 처리도 OK! Elasticsearch 클러스터 개선기,ETC,ETC
프론트엔드 다이빙클럽에서 만나는 아고라: 다른 회사에선 테스트 코드 어떻게 짜요?,ETC,ETC
"완성 없는 이야기, 가입 과정 개선",ETC,ETC
"인터랙션, 꼭 넣어야 해요?",ETC,ETC
"크고 복잡한 제품, 과감하게 갈아엎기",ETC,ETC
환경 고민없이 개발하기,ETC,ETC
금융사 최초의 Zero Trust 아키텍처 도입기,ETC,ETC
은행 최초 코어뱅킹 MSA 전환기 (feat. 지금 이자 받기),ETC,ETC
30대 디자이너가 10대 전용 카드를 만든다면?,ETC,ETC
레고처럼 조립하는 토스 앱,ETC,ETC
슬랙봇 디자인 101,ETC,ETC
"프로덕트 브랜딩, 어떻게 시작해야할까?",ETC,ETC
놀러오세요! 프론트엔드 다이빙 클럽,ETC,ETC
"토스의 이모지 폰트, 토스페이스 제작기",ETC,ETC
토스 최초의 Product Designer(Tools)의 일하는 방식,ETC,ETC
AI와 함께 가짜 신분증 찾아내기,ETC,ETC
프로파일러로 시스템 성능 향상시키기,ETC,ETC
은행의 데이터 플랫폼을 오픈소스로 전환하기,DATA,ETC
Kafka 이중화로 다양한 장애 상황 완벽 대처하기,ETC,ETC
Server-driven UI로 다이나믹한 서비스 효율화하기,ETC,ETC
새로운 은행을 위한 Modern 대외 연계 시스템 구축기,ETC,ETC
"보안의 끝없는 Next Level을 향해, 토스의 Security Review",SECURITY,ETC
토스페이먼츠의 Observability,ETC,ETC
실시간 시세 데이터 안전하고 빠르게 처리하기,DATA,ETC
Rally로 3분 만에 애니메이션 완성하기,ETC,ETC
퍼널: 쏟아지는 페이지 한 방에 관리하기,ETC,ETC
Server-driven UI로 토스의 마지막 어드민 만들기,ETC,ETC
왜 이렇게까지 디테일을 챙기는 거예요?,ETC,ETC
"데이터로 내린 의사결정, 뒤집어엎기",ETC,ETC
초등학생도 쓸 수 있는 제품 만들기,ETC,ETC
"복잡한 B2B 제품, 정답으로 향하는 길",ETC,ETC
"3,250개의 요구사항을 해결한 1개의 제품",ETC,ETC
토스뱅크만의 차별화된 경험을 찾아서,ETC,ETC
100가지 문제를 한번에 해결하는 방법,ETC,ETC
유일한 장애물이 상상력일 때,ETC,ETC
"심플한 결제 단말기, 말은 쉬워 보이지만",ETC,ETC
"UX 라이팅, 혼자가 아닌 함께 잘 쓰기",FE,ETC
토스만의 제품 윤리 원칙 탄생기,ETC,ETC
운영성 업무에서 임팩트를 만드는 방법,ETC,ETC
사용자의 공감 얻으면서 제품 뜯어고치기,ETC,ETC
게릴라 테스트에 진심인 이유,ETC,ETC
사용자에게 질문을 멈춰야 할 때,ETC,ETC
사장님에게 익숙한 불편함 깨부수기,ETC,ETC
"프로덕트 브랜딩, 사용자의 마음을 움직이다",ETC,ETC
"Simplicity23, 오늘도 문제를 해결하고 있을 모든 디자이너에게",ETC,ETC
Node.js url.parse() 취약점 컨트리뷰션,BE,ETC
첫 인터랙션 디자이너가 문제를 해결하는 법,ETC,ETC
리서치를 하고 싶어하는 사람을 리서치하세요,ETC,ETC
첫 그래픽 디자이너가 했던 가장 비효율적인 일,ETC,ETC
어느 날 토스가 말을 걸기 시작했다,ETC,ETC
첫 UX writer는 무슨 일을 해야 할까,FE,ETC
Spring Boot Actuator의 헬스체크 살펴보기,BE,ETC
ESLint와 AST로 코드 퀄리티 높이기,ETC,ETC
내 아이디어를 너무 믿지 마세요,ETC,ETC
추천할 때는 제일 좋은 것 하나면 된다,ETC,ETC
tosspayments-restdocs: 선언형 문서 작성 라이브러리,ETC,ETC
선언적인 코드 작성하기,ETC,ETC
"토스 디자인 원칙 Value first, Cost later",ETC,ETC
디자이너가 새로운 도메인을 빠르게 학습하는 법,ETC,ETC
문제 원인의 원인을 찾아서,ETC,ETC
똑똑하게 브라우저 Polyfill 관리하기,ETC,ETC
우리에게 당연하지만 사용자는 아닌 것들,ETC,ETC
잘 만든 시스템 하나로 미친 효율 얻는 방법,ETC,ETC
"사용자 3명인 제품, 만들어야 할까?",ETC,ETC
"토스 디자인 원칙, Easy to answer",ETC,ETC
Code With Me를 활용한 페어 프로그래밍,ETC,ETC
토스증권 QA 문화 ‘통합테스트’를 아시나요? (feat. 해외주식),ETC,ETC
플랫폼 디자이너가 효율을 만들어내는 법,ETC,ETC
토스에 처음 입사한 디자이너를 위한 온보딩 프로그램,ETC,ETC
"직접 만지고, 돌리는 토스뱅크카드 인터랙션",ETC,ETC
NestJS 환경에 맞는 Custom Decorator 만들기,ETC,ETC
토스의 8가지 라이팅 원칙들,ETC,ETC
가이드라인을 시스템으로 만드는 법,ETC,ETC
TypeScript 타입 시스템 뜯어보기: 타입 호환성,ETC,TYPESCRIPT
토스증권 QA Team을 소개합니다,ETC,ETC
2초만에 불필요한 클릭 없애는 4가지 방법,ETC,ETC
경험이 부족한 나도 토스에 지원해도 될까?,ETC,ETC
CommonJS와 ESM에 모두 대응하는 라이브러리 개발하기: exports field,ETC,ETC
"디자이너의, 디자이너에 의한, 디자이너를 위한 채용 설계하기",ETC,ETC
좋은 에러 메시지를 만드는 6가지 원칙,ETC,ETC
"거꾸로 입력하는 가입 화면, 처음에 어떻게 떠올렸을까?",ETC,ETC
테스트 의존성 관리로 높은 품질의 테스트 코드 유지하기,ETC,ETC
토스뱅크의 완전히 새로운 대출 시스템,ETC,ETC
왜 은행은 무한스크롤이 안되나요,ETC,ETC
Data Scientist는 어떻게 비즈니스에 기여할 수 있을까?,DATA,ETC
스크래핑으로 우아한 조회 경험을 만든 방법,ETC,ETC
금융의 모든 순간을 자동화할 때 까지 Toss Crazy Activation,ETC,ETC
Effective Component 지속 가능한 성장과 컴포넌트,ETC,ETC
지속 성장 가능한 코드를 만들어가는 방법,ETC,ETC
잃어버린 유저의 시간을 찾아서: 100년을 아껴준SSR 이야기,ETC,ETC
애플 한 주가 고객에게 전달 되기까지 ,ETC,ETC
은행 앱에도 Service Mesh 도입이 가능한가요?,ETC,ETC
"어떻게 안정적인 서비스를 빠르게, 자주 출시할 것인가?",ETC,ETC
토스 앱 오픈시간 1초를 줄이기까지,ETC,ETC
"UX와 DX, 그 모든 경험을 위한 디자인 시스템",ETC,ETC
미친 생산성을 위한 React Native,FE,ETC
UIKit으로 만들어진 토스 디자인 시스템 SwiftUI에서 쓸 수 있을까? ,ETC,ETC
토스증권 실시간 시세 적용기,ETC,ETC
에러 핸들링을 다른 클래스에게 위임하기 (Kotlin 100% 활용),ETC,KOTLIN
Kotlin으로 DSL 만들기: 반복적이고 지루한 REST Docs 벗어나기,ETC,ETC
조금만 신경써서 초기 렌더링 빠르게 하기 (feat. JAM Stack),ETC,ETC
개발자의 애질리티,ETC,ETC
그냥 사용자한테 물어보면 안 돼요?,ETC,ETC
우리가 효율적으로 일할 수 있는 이유,ETC,ETC
이제껏 없었던 혜택을 찾아서,ETC,ETC
"1,000만 명의 홈 개편하기",ETC,ETC
"대출, 새로고침",ETC,ETC
완벽한 제품에도 필요한 혁신,ETC,ETC
우리가 귀찮을수록 사용자는 더 편해지니까,ETC,ETC
불편한 경험 완전히 밀어버리기,ETC,ETC
"오직 한 사람, 사장님을 위하여",ETC,ETC
사용자를 넘어 팬으로,ETC,ETC
"그래픽, 보이는 아름다움 그 너머",ETC,ETC
모두를 위한 단 하나의 서체,ETC,ETC
"인터랙션, 본능을 움직이다",ETC,ETC
"새로운 경험의 공간, 홈페이지",ETC,ETC
투자의 시작을 간편하게 만드는 여정,ETC,ETC
당연했던 것을 새롭게 만드는 법,ETC,ETC
"지금, 툴이 아닌 틀을 바꿔야 할 때",ETC,ETC
보험이 필요할 때 어떻게 하세요?,ETC,ETC
Java Native Memory Leak 원인을 찾아서,ETC,JAVA
iOS앱을 매주 배포 한다고?,DEVOPS,ETC
토스에서는 테이블 정보를 어떻게 관리하나요?,ETC,ETC
물 흐르듯 자연스러운 ML 서비스 만들기,ETC,ETC
토스팀 인프라 자동화의 시작,ETC,ETC
잃어버린 개발자의 시간을 찾아서: 매일 하루를 아끼는 DevOps 이야기,DEVOPS,ETC
Template Literal Types로 타입 안전하게 코딩하기,ETC,ETC
node_modules로부터 우리를 구원해 줄 Yarn Berry,ETC,ETC
JSCodeShift로 기술 부채 청산하기,ETC,ETC
웹 서비스 캐시 똑똑하게 다루기,FE,ETC
MYSQL HA & DR Topology,ETC,ETC
토스팀을 위한 슬랙봇 설계,ETC,ETC
프론트엔드 웹 서비스에서 우아하게 비동기 처리하기,FE,ETC
JavaScript Bundle Diet,ETC,ETC
실무에서 바로 쓰는 Frontend Clean Code,FE,ETC
shadow DOM으로 신규 프로젝트의 스타일을 지키는 방법,ETC,ETC
TDS로 UI 쌓기: 그 많던 코드는 누가 다 치웠을까?,FE,ETC
"Build, Harder Better Faster Stronger",ETC,ETC
"Micro-frontend React, 점진적으로 도입하기",FE,ETC
토스뱅크 데이터 설계사상,DATA,ETC
빠르게 성장하는 스타트업의 DW,ETC,ETC
토스 데이터의 흐름과 활용,ETC,ETC
결제 시스템의 SDK와 API 디자인,BE,ETC
테스트 커버리지 100%,ETC,ETC
실수 없이 안전하게 쿠버네티스 운영하기,ETC,ETC
SRE 사례 소개,ETC,ETC
토스 서비스를 구성하는 서버 기술,BE,ETC
토스의 서버 인프라 모니터링,BE,ETC
메모리에 남지 않는 문자열,ETC,ETC
토스 프론트엔드 챕터를 소개합니다!,ETC,ETC
선물 받는 모든 순간을 세심하게 케어할게요,ETC,ETC
"주문완료 알림톡, 고객에게 중요할까?",ETC,ETC
"롯데ON 개발자 커뮤니티, Drop The Meet-up 다섯번째 모임 진행!",ETC,ETC
문샷 (Moonshot) 을 향한 롯데온의 도전: 상품 표준화(속성) 플랫폼 구축,ETC,ETC
"베스트 속도 개선, 리팩토링만으로 이런 효과를?",ETC,ETC
롯데ON의 추천 Dynamic A/B Testing 구축 및 운영기,ETC,ETC
AWS 서비스를 활용하여 MLOps 환경 구성 및 추천 모델 실시간 서비스하기,ETC,ETC
2023년 3분기 롯데ON은 무엇이 달라졌을까?,ETC,ETC
"롯데ON, 구글 머신러닝 부트캠프 ‘2023 Tech Talk’",AI,ETC
부산시 산업진흥원 주관 빅데이터 분석가 과정 교육생 롯데ON 방문!,ETC,ETC
"[IT TREND] FMOps, LLM 시대의 AI 앱 개발 방법",AI,ETC
[IT TREND] Google I/O &amp; Microsoft Build 리뷰,ETC,ETC
"[IT TREND] 자율 AI 에이전트, ChatGPT 다음의 메가트렌드?",AI,ETC
[IT TREND] 초거대 AI 최신 키워드 : #소비자 #효율,AI,ETC
[IT TREND] ChatGPT에 도전하는 오픈소스 AI,AI,ETC
[IT TREND] AGI를 향한 기대와 우려,ETC,ETC
[TW] 테크니컬 라이터와 Git,ETC,ETC
"[IT TREND] 프롬프트 엔지니어링, AI라는 도구를 잘 사용하는 방법",ETC,ETC
[IT TREND] 과열되는 생성형 AI 시장,AI,ETC
[IT TREND] AI 시장 동향 : GPT-4의 등장,AI,ETC
World Quality Report(2022-23) 소개 (2),ETC,ETC
World Quality Report(2022-23) 소개 (1),ETC,ETC
Performance CoE 개요,ETC,ETC
7개 Project대상 LoadRunner Cloud적용을 통한 VUH사용 관련 Lessons Learned,ETC,ETC
Self Service를 위한 VuGen에 대한 관점의 전환,ETC,ETC
JEUS Bug에 의한 OutOfMemoryError 현상 - WAS Troubleshooting 사례(3),ETC,ETC
Loadrunner Cloud의 부하발생기,ETC,ETC
Integration of Loadrunner Cloud and VUGEN,ETC,ETC
Javax Activation Bug에 의한 WAS Hang 현상 - WAS Troubleshooting 사례(2),ETC,ETC
LoadRunner Cloud 구성요소 살펴보기,ETC,ETC
skirr한 AWS SES 구축기,ETC,ETC
"피그마 Dev Mode, 한 번에 끝내기",ETC,ETC
페어와이즈 기법을 활용하여 전략적 테스트 설계하기 (feat. PICT),ETC,ETC
Spark Cluster 구축기,DATA,ETC
Karpenter 0.3x,ETC,ETC
NTH(NodeTerminationHandler),ETC,ETC
K-팀장에서 진짜 팀장으로 거듭나기,ETC,ETC
여기어때의 회고 문화,ETC,ETC
애매함을 받아들이기,ETC,ETC
여기어때 문 활짝 열고 들어간 신입 어때,ETC,ETC
2주 스프린트라는 굴레,ETC,ETC
HEIC 파일 포맷 지원을 통한 사용자 경험 향상 시키기,ETC,ETC
Yarn Classic에서 Pnpm으로 전환하기 with TurboRepo,ETC,ETC
"스프린트의 시작, 충분히 성공적인가요?",ETC,ETC
엔지니어링 프로젝트 임팩트 산정하기,ETC,ETC
기획 변경은 무조건 용인되어야 하나?,ETC,ETC
원티드랩 데이터 마트 — 설립기,DATA,ETC
"Taxomony, 유저 행동 로그 이름 정하기",ETC,ETC
Github Actions Reusable로 프론트엔드 배포 플로우 통합하기,DEVOPS,ETC
"원티드랩에서 데이터의 가치를 높이는 법, 데이터 거버넌스",DATA,ETC
ROP Pattern,ETC,ETC
Argo Events 도입기,ETC,ETC
"Backend , Frontend 공통 IDL 적용",FE,ETC
MongoDB Timeseries를 활용기,ETC,ETC
AWS Node Auto Scaler Karpenter 도입기,ETC,ETC
Gitops를 활용한 AWS EKS Blue-Green 업데이트 적용기,ETC,ETC
병원 상세 웹뷰 통신 및 크로스 브라우징,ETC,ETC
비브로스 웹 프론트엔드 팀이 성능을 관리하기 시작했어요.,FE,ETC
리팩터링 가이드 - 좋은 코딩 습관을 기르자,ETC,ETC
웹 성능 최적화 - 렌더링 최적화,FE,ETC
Node.js로 Firebase Dynamic Link 다루기,ETC,ETC
신입 웹프론트엔드 개발자 2개월 차 후기,ETC,ETC
함수형 프로그래밍 (Functional Programming) 어떻게 적용할까?,ETC,ETC
"7주 차 신입 프론트엔드 개발자, 온보딩 적응기",ETC,ETC
신입 웹프론트엔드 개발자 1개월 차 후기,ETC,ETC
웹 접근성이란?,FE,ETC
지금은 맞고 그때는 틀리다 (기술 블로그 개편 여정),ETC,ETC
[WPF] XAML Styler,ETC,ETC
공공 API 크롤러 개발기,BE,ETC
ifify: 코드의 본질에 집중하는 기술,ETC,ETC
웹프론트엔드 개발자의 Rust 돌려까기 🥊,ETC,ETC
TSOA로 HTTP API 개발하기,BE,ETC
(Typescript) test와 lint 시간 줄여보기,ETC,TYPESCRIPT
5개월차 뉴비의 코드 리뷰,ETC,ETC
마이스터고 출신 신입 .NET 개발자가 비브로스에서 일하는 방법,ETC,ETC
비전공자 부트캠프 출신 신입 개발자의 두달 회고록,ETC,ETC
재택으로 재미있게 일하기,ETC,ETC
Typescript source file을 문서화하기,ETC,TYPESCRIPT
잔디 날씨 알림 봇 개발기,ETC,ETC
AWS ECS 살펴보기,ETC,ETC
신입 개발자가 비브로스에 적응해 나가는 과정,ETC,ETC
AWS SAM CloudFormation,ETC,ETC
레디스를 활용한 병원 찾기 서비스 API 개발,BE,ETC
Yeoman 으로 프로젝트 찍어내보기,ETC,ETC
백엔드팀을 소개합니다,ETC,ETC
구성원 인터뷰 - 백엔드 엔지니어 김안선 님,ETC,ETC
구성원 인터뷰 - 프론트엔드 엔지니어 신훈철 님,ETC,ETC
포스타입 기술팀의 코드 리뷰,ETC,ETC
〈천계영의 아이디어 발상법〉 강연 프로젝트 후기: 오프라인에서도 창작자와 만나기까지,ETC,ETC
2023 포스타입 송년회 살펴보기,ETC,ETC
포스타입 구성원을 위한 HR 연말 결산 리포트 발행기,ETC,ETC
"포인트 소액 충전, 왜 이렇게 오래 걸렸나요?",ETC,ETC
크리에이터 이코노미 업계 소식 총정리 #7,ETC,ETC
크리에이터 이코노미 업계 소식 총정리 #6,ETC,ETC
"포스타입, 첫 워케이션에 도전하다. feat. 속초 워케이션 인터뷰",ETC,ETC
크리에이터 이코노미 업계 소식 총정리 #5,ETC,ETC
포스타입이 랭킹이 아닌 추천을 선택한 이유,ETC,ETC
"돈 버는 커뮤니티, OK캐쉬백 오글오글의 UX/UI 이야기",FE,ETC
입사 축하금 제도,ETC,ETC
포스타입 채용 전형 이야기,ETC,ETC
크리에이터 이코노미 업계 소식 총정리 #4,ETC,ETC
크리에이터 이코노미 업계 소식 총정리 #3,ETC,ETC
크리에이터 이코노미 업계 소식 총정리 #2,ETC,ETC
크리에이터 이코노미 업계 소식 총정리 #1,ETC,ETC
스타트업이 효율적으로 일하게 도와주는 업무 툴 TOP 7,ETC,ETC
GA4가 활성 사용자 수를 세는 방식 총정리 [심화편],ETC,ETC
Gmarket Mobile Web Vip 악성 봇 대침투 사건,ETC,ETC
설계란 고민의 연속이다 2편,ETC,ETC
설계란 고민의 연속이다 1편,ETC,ETC
개발자를 잠 못 들게 만드는 코드,ETC,ETC
쿠버네티스 오퍼레이터를 Golang으로 개발해보기,ETC,ETC
백엔드 개발자의 험난한 React 캘린더 컴포넌트 만들기 대작전 (feat. Props Drilling),FE,ETC
IT에 대한 짧은 단상,ETC,ETC
Vue.js와 D3.js를 사용하여 대시보드 만들기 Part1,FE,ETC
Gmarket Mobile Web Vip 레거시 성능 개선기,ETC,ETC
"Kotlin에서 리스트 추출하기 : subList, slice, take, drop",ETC,ETC
Planet AD 서비스 안정화 가이드,ETC,ETC
ARHIS: 음향 기반 도로 노면 검지 솔루션,ETC,ETC
Syrup 모바일 웹 개선 사례,FE,ETC
SK플래닛 신규 서비스 Wezuro 브랜드 구축 스토리,ETC,ETC
SK플래닛 클라우드 기반 검색 시스템,ETC,ETC
SK플래닛의 DTS 기술 적용 사례,ETC,ETC
초분광 기술과 IoT의 접목 사례,ETC,ETC
클라우드 스트리밍 - VCS 기술,ETC,ETC
Spot by NetApp을 활용한 AWS EKS 운영 비용 절감 사례,DEVOPS,ETC
RB ARHIS 브랜드 웹사이트 구축 스토리,ETC,ETC
Web3와 App-chain 플랫폼의 가능성,ETC,ETC
2023년 채용연계형 인턴십 프로그램을 소개합니다.,ETC,ETC
iOS 환경에서 비디오 최적화 및 성능 개선 사례,ETC,ETC
동일한 비용으로 리포트 요청 10배 처리하기,ETC,ETC
Luft 성능 리포트 2:  더 많은 코호트에 대한 리텐션 집계,ETC,ETC
모니터링은 마틴 파울러처럼: Domain-Oriented Observability 도입기,ETC,ETC
제안서: Luft 의 대형 쿼리 처리에 관하여,ETC,ETC
Redis 사용량 타노스하기,ETC,ETC
"Scenario Test: 인수 테스트 자동화로 자신감, 생산성 높이기 (GopherCon 2023 발표)",ETC,ETC
Profiling and Tracing Tips in Go(GopherCon 2023 발표),ETC,GO
적정 엔지니어링으로 검색 속도 10x 빠르게 만들기,ETC,ETC
Luft 성능 리포트 2023.1,ETC,ETC
Yarn 대신 pnpm으로 넘어간 3가지 이유,ETC,ETC
TrailDB to Ziegel(Cgo to Go),ETC,GO
satisfies: 안전한 업캐스팅을 통해 더 안전한 코드작성을 도와주는 새로운 키워드(TypeScript 4.9),ETC,TYPESCRIPT
Programmable Realtime Webhoook System,ETC,ETC
자동화 테스트로 수 억 대의 디바이스 환경에서 살아남는 SDK 완성하기 - QA Engineer 인터뷰,ETC,ETC
Player Unknown’s Bug: 원인 모를 문제를 기록하면 성장할 수 있나요?,ETC,ETC
ECS Task Rebalancing을 이용한 EC2 비용 최적화,ETC,ETC
Android SDK 자동화 테스트 환경 구축기 1화 - 자동화 테스트 환경 소개,ETC,ETC
하루 100억 트래픽도 끄떡없는 시스템을 만드는 팀으로 - Data Pipeline Team 인터뷰,DATA,ETC
Airbridge API 개발팀의 Monorepo 도입기,BE,ETC
Lambda Feature Brnach Dev 환경 구성기,ETC,ETC
생산성 있는 Review 문화가 되기까지,ETC,ETC
고객의 불편함이 제품으로 되기까지 - Airbridge API 팀의 개발 프로세스,BE,ETC
Webpack → Vite: 번들러 마이그레이션 이야기,ETC,ETC
Airbridge Data Pipeline에서 Serverless 활용 사례,DATA,ETC
Airbridge Data Pipeline에서 Serverless 활용 사례,DATA,ETC
ConsoleMe: 스타트업에서 AWS IAM 권한 관리 잘 하는 법,ETC,ETC
Athena로 CloudWatch Logs query 하기,ETC,ETC
Python x ARM: Graviton2 실전 도입기,ETC,PYTHON
Kafka Lag 없는 실시간 데이터 파이프라인을 위한 아키텍처 개선기,DATA,ETC
Effective Jinja template 리팩토링과 테스트 - 1편,ETC,ETC
"AWS Chatbot을 이용한 Slack alert, 근데 이제 PagerDuty와 Terraform을 곁들인",ETC,ETC
Luft: 유저 행동 분석에 최적화된 OLAP 데이터베이스,ETC,ETC
어떤 개발자의 회사 홍보 고군분투기,ETC,ETC
Amazon EKS 위에 Kiam 셋업하기,ETC,ETC
Airpage CSR: 한달에 400억번 요청되는 페이지 크기 60% 줄이기,ETC,ETC
세계 최초로 cert-manager 버그를 발견하고 해결하기,ETC,ETC
스크립트 툴의 장점만 모았다! zx로 업무 자동화하기,ETC,ETC
MySQL online alter부터 CPU 100% 장애까지,ETC,ETC
웹 개발자의 데이터 애플리케이션 flow 효율화하기,FE,ETC
사운드 리소스 전달 WebApp 만들기,ETC,ETC
조직문화 담당자가 개발조직에 뛰어든 이야기,ETC,ETC
쿠키런: 킹덤 길드 업데이트 이후 서비스 이슈 되돌아보기,ETC,ETC
쿠키런: 킹덤 AWS AZ 장애 아웃라인,ETC,ETC
9가지 프로그래밍 언어로 배우는 개념: 5편 - 동시성 프로그래밍,ETC,ETC
CTO가 커리어를 걸고 비트 레벨까지 내려가서 DB를 해킹했던 이야기,ETC,ETC
9가지 프로그래밍 언어로 배우는 개념: 4편 - 하이 레벨 언어와 동적 타입 언어,ETC,ETC
입사 첫날에 36시간 점검 경험하기,ETC,ETC
9가지 프로그래밍 언어로 배우는 개념: 3편 - 메타프로그래밍,ETC,ETC
쿠키런: 킹덤 데이터베이스 스토리지 레이어 복원기,ETC,ETC
CockroachDB in Production,ETC,ETC
쿠키런: 킹덤 런칭 회고,ETC,ETC
Scala for Game Server Development,ETC,ETC
게임 서버 개발에 스칼라 사용하기,BE,ETC
 바삭한 신입들의 동시성 이야기 - Swift편,ETC,ETC
9가지 프로그래밍 언어로 배우는 개념: 2편 - 다형성,ETC,ETC
Unity 프로젝트를 위한 Git Hooks 활용,ETC,ETC
폼 데이터를 우아하게 관리하는 방법,ETC,ETC
바삭한 신입들의 동시성 이야기 - Kotlin 편,ETC,KOTLIN
9가지 프로그래밍 언어로 배우는 개념: 1편 - 타입 이론,ETC,ETC
개발자에서 기술 작가로 전직하기까지 2년 간의 이야기,ETC,ETC
테스트 케이스 관리를 JIRA로 하자! : 웹서비스셀의 테스트 관리 툴 도입기,ETC,ETC
“DevOps”의 인적 확장 (The human scalability of “DevOps”),DEVOPS,ETC
데브시스터즈 서버 직군은 왜 코딩 면접을 볼까?,BE,ETC
GatsbyJS에서 l10n(지역화) 지원하기 (간단한 함수형을 곁들인),ETC,ETC
WireGuard로 멋진 VPN 서버 구축하기 - 1,BE,ETC
WireGuard로 멋진 VPN 서버 구축하기 - 2,BE,ETC
사전예약 서버 프로파일링으로 서버 병목찾아 개선하기,BE,ETC
CSS in JS 라이브러리에서 Typesafe하게 Theme 관리하기,ETC,ETC
강화학습으로 더 재미있는 게임 만들기,ETC,ETC
데이터 분석 라이브러리 개발기 (2) - 통합 테스팅과 문서화를 동시에 잡는 방법,DATA,ETC
데이터 분석 라이브러리 개발기 (1),DATA,ETC
"[Windows 컨테이너] 4: 베이스 이미지, 격리 방식에 대한 이해",ETC,ETC
Istio와 Spinnaker를 활용한 Blue-Green + Canary 자동 배포 전략 도입기,DEVOPS,ETC
EKS에서 쿠버네티스 포드의 IAM 권한 제어하기: Pod Identity Webhook,ETC,ETC
JIRA를 하자! - 쿠키런 : 오븐브레이크의 JIRA 도입기,ETC,ETC
[Windows 컨테이너] 3: NT 서비스를 Windows 컨테이너로 마이그레이션하기,ETC,ETC
스펙에 대처하는 QA의 자세,ETC,ETC
[Windows 컨테이너] 2: Windows 컨테이너 개발 환경 구축하고 테스트하기,ETC,ETC
[Windows 컨테이너] 1: Windows 컨테이너에 대한 이해,ETC,ETC
‘테스트 케이스’로만 테스트하면 안되나요?,ETC,ETC
페이지 주소가 바뀌어도 자연스럽게 이어지는 애니메이션 만들기,ETC,ETC
쪼그라드는 웹페이지,ETC,ETC
마키나락스 테크 직무를 소개합니다— #1. Frontend,FE,ETC
실행 시간 효율을 위한 클래스 데이터 공유(CDS)와 Layered Jar,DATA,ETC
리스와 헤이즐캐스트로 구성한 쿠버네티스 파드 클러스터링,ETC,ETC
검은 토끼(2023년)와 이별을 준비하는 넷마블 기술 블로그,ETC,ETC
워드프레스 백업과 복원은 웹 파일과 DB를 한 쌍으로 맺어야 한다,FE,ETC
[여기보기] 적절한 식습관과 운동을 유지하듯 건강하게 WAS 로그 관리하기,ETC,ETC
CPU 이용률의 두 가지 얼굴 – CPU 코어 사용량(Usage)과 활용률(Utilization),ETC,ETC
쿠버네티스가 스프링부트 3.0 네이티브 이미지를 만났네,ETC,ETC
[여기보기] 링크 설정과 파일 다운로드/업로드 관리에서 중요한 것은 꺾이지 않는 마음,ETC,ETC
제목 스타일 단계는 문서 구조의 기둥과 보,ETC,ETC
[여기보기] WAS의 정보는 개인정보 다루듯이 보호하라,ETC,ETC
"30분만 투자하면 사용하는 API 문서 검색 엔진, Doxygen 외부 검색 설정하기",BE,ETC
[여기보기] DNS 점검 요망?! “홍대 어떻게 가요? 뉴진스 하입보이요~🎧🕺💃”,ETC,ETC
"잠깐 20초만 한눈을 팔면, 멈춰 서는 WSL",ETC,ETC
"[여기보기] 적에게 내 WAS의 디렉터리와 파일을 알리지 말라, WAS 디렉터리 인덱싱 및 상위 디렉터리 접근 제한",ETC,ETC
글로벌 게임 퍼블리싱을 위한 해외 유저 테스트 VPN 서비스,ETC,ETC
AI 도입을 시작하는 기업을 위한 산업 지능화 추진 가이드,AI,ETC
"AI 시대, 제조 특화 LLM이 중요한 이유",AI,ETC
산업 현장의 데이터를 가치있게 만드는 MLOps 전략,ETC,ETC
마키나락스 테크 직무를 소개합니다 — #2. Backend,BE,ETC
"Jupyter에서 MLOps까지 — 파리에서 열린 Jupyter Geek들의 컨퍼런스, JupyterCon2023을 가다",ETC,ETC
"“복잡할수록 Back to the Basic, 사용자를 생각하는 인터페이스를 만듭니다”",ETC,ETC
주문형 반도체 Floorplan 자동화 (3),ETC,ETC
"마키나락스의 5번째 생일, 올 한해 고생한 우리들을 위한 Purple night💜",ETC,ETC
[Robotics Trends 2023] 딥러닝을 활용한 로보틱스 분야에서의 이상탐지,ETC,ETC
AWS re:Invent 2023 참관기,ETC,ETC
리멤버에서 UT(사용자 테스트)는 어떻게 진행하나요?,ETC,ETC
리멤버 웹 서비스 좌충우돌 Yarn Berry 도입기,FE,ETC
AI 명함촬영인식 ‘리오(RIO)’ 적용기 2부 – ML Model Converter와 안드로이드 앱 적용기,AI,ETC
리멤버는 서비스 모니터링을 어떻게 하고 있을까?,ETC,ETC
리멤버 유저에게 보다 깨끗한 명함 이미지 제공을 위한 이미지 복원 방법,ETC,ETC
AI 명함 촬영 인식 ‘리오(RIO)’ 적용기 1부 – 명함촬영인식 위한 Instance Segmentation & Computer Vision,AI,ETC
추천 시스템 서비스 적용을 위한 Elastic Search 도입기,ETC,ETC
유저 목록을 Redis Bitmap 구조로 저장하여 메모리 절약하기,ETC,ETC
아름다운 코드를 향한 함께하는 여정 – Part 1,ETC,ETC
"Lunit AI: Game-Changer in Breast Cancer Screening, Replacing One Human Reader in Europe",AI,ETC
How Lunit SCOPE finds and categorizes cells in histology images,ETC,ETC
Java APM에 대하여,ETC,JAVA
Spring boot - 설정파일로 AspectJ PointCut 지정하기,BE,ETC
"오래된 Legacy 기술을 만났을 때 우리가 대처하는 방법, 무정지 서비스로 ELK 신규 노드 증설하는 삽질 경험",ETC,ETC
고객 행동 기반 실시간 딥 뉴럴 추천 시스템 : ForYou,ETC,ETC
Java 대용량 엑셀 업로드,ETC,JAVA
딥러닝을 이용해 상품 이미지에서 색상 속성을 추출하기,ETC,ETC
자동실행추적기,ETC,ETC
Pathology meets Large Scale Self-supervised Learning,ETC,ETC
Java 대용량 엑셀 다운로드 기능 구현,ETC,JAVA
티몬 라이브 플랫폼 제작기,ETC,ETC
티몬의 단계별 테스트 접근과 협업,ETC,ETC
ThreadLocal과 ThreadPool,ETC,ETC
"Developer와 Quality Engineer, 어떻게 일해야 할까?",ETC,ETC
QE는 무슨 일을 하는 사람일까요?,ETC,ETC
"실시간 항공권 검색 서비스, 이렇게 만들었어요!",ETC,ETC
Unleashing the Potential of Biological Hierarchies in Histopathology: Introducing the OCELOT…,ETC,ETC
[알쓸신팁-부록] Javascript 성능 저하 방지법,ETC,ETC
[알쓸신팁] 서버 개발자가 알아두면 쓸데 있는 신비한 Front팁!,BE,ETC
RabbitMQ로 메시지 손실 최소화 하는 법(1),ETC,ETC
소소한 자바 이야기 - Number와 Locale,ETC,ETC
티몬 안드로이드 앱 RxAndroid 적용 사례,ETC,ETC
Couchbase Spring data repository 적용기(3),BE,ETC
AutoSCOPE: The Assembly Line of AI Model Development at Lunit,AI,ETC
Bayesian Optimization Meets Self-Distillation,ETC,ETC
LoL | 리서치팀의 하루,ETC,ETC
LoL | 채용팀의 하루,ETC,ETC
Intelligent Cloud — Part 3: Optimizing GPU Costs by Leveraging Spot Instances,ETC,ETC
Intelligent Cloud — Part 1: Introduction to Lunit’s Cloud Deep Learning Platform,ETC,ETC
개발 파트 소개 - 3. 모바일 앱 개발 파트 (React Native),FE,ETC
개발 파트 소개 - 2. 웹 프론트엔드 파트,FE,ETC
개발 파트 소개 - 1. 백엔드 파트,ETC,ETC
플랫폼 팀 없는 오픈 소스 기반의 디자인 시스템 구축 회고,ETC,ETC
인프런 콘텐츠에 동적으로 생성되는 Open Graph(OG) 이미지 적용하기,ETC,ETC
스타트업 엔지니어의 AWS 비용 최적화 경험기,ETC,ETC
인프랩 데브옵스 팀 6주 인턴십,ETC,ETC
"개발-운영 생산성 모니터링하기 (with Devlake, Grafana)",DEVOPS,ETC
인프랩 IaC 구축기 (Part 1),ETC,ETC
Spring Boot & JPA에서 Java와 Kotlin을 함께 사용하기,BE,ETC
인프랩 개발팀의 미션과 가치,ETC,ETC
CI 소요시간을 최대 4.6배 개선하는 방법,ETC,ETC
인프런이 자동으로 자막을 생성하기까지 (AI/인프라 편),AI,ETC
랠릿 standalone 적용기,ETC,ETC
변화에 유연한 HTTP 클라이언트 만들기,ETC,ETC
Code generator 개발기 (Part 2),ETC,ETC
Code generator 개발기 (Part 1),ETC,ETC
react-hook-form을 선택한 이유와 적용 과정,FE,ETC
React Form 컴포넌트 개발기,FE,ETC
강의실 개편,ETC,ETC
인프콘 티저 페이지 개발기 (like 해커톤),ETC,ETC
Alpine/Debian 기반 Docker 이미지 간 cp 명령 동작 차이,DEVOPS,ETC
AWS CDK에서 Terraform으로,ETC,ETC
Localstack 을 활용한 AWS 인프라 통합테스트,ETC,ETC
2022년 1월 100% 할인 이벤트 장애 부검,ETC,ETC
